{
  "selected": "NL",
  "rationale": "AIC selects NL (delta_AIC vs MXL = 8.51); LR rejects MNL (p=0.0034); Wald fails to reject sigma_cost=0 in MXL (p=0.7631) \u2014 no taste heterogeneity to capture on NL-DGP data",
  "params": {
    "lambda_hat": 0.7632773608053806,
    "lambda_se": 0.0683280581298274,
    "beta_time": {
      "car": 0.0,
      "moto": -0.09619633452599706,
      "krl": -0.11765947468568122,
      "tj": -0.04824578630704734,
      "royal": -0.04814259624455755,
      "mrt": -0.12653297399346064
    },
    "beta_cost": -0.07730185424797524,
    "asc": {
      "car": 0.3234920157470256,
      "moto": 0.0140242888409832,
      "krl": 0.0,
      "tj": 0.013887131875856249,
      "royal": -0.10606391720466972,
      "mrt": -0.020070523594209477
    },
    "nests": {
      "transit": [
        "krl",
        "mrt",
        "tj",
        "royal"
      ],
      "private": [
        "car",
        "moto"
      ]
    }
  },
  "comparison_table": {
    "mnl": {
      "k": 12,
      "ll": -5048.825516196519,
      "aic": 10121.651032393038,
      "bic": 10199.857350690032
    },
    "nl": {
      "k": 13,
      "ll": -5044.539667040082,
      "aic": 10115.079334080165,
      "bic": 10199.802845568576
    },
    "mxl": {
      "k": 13,
      "ll": -5048.793188322497,
      "aic": 10123.586376644995,
      "bic": 10208.309888133406,
      "sigma_cost": 0.009983189434298424,
      "wald_pval": 0.76314434283039
    }
  }
}