{
  "gumbel_scale": 25.0,
  "beta_time": {
    "car": -0.07782354937042285,
    "moto": -0.13335888721424488,
    "krl": -0.14590675645302506,
    "tj": -0.0603740956366773,
    "royal": -0.07493937593305779,
    "mrt": -0.1596029504488668
  },
  "beta_cost": -0.043967979693512765,
  "asc": {
    "car": -0.3187841072156596,
    "moto": 0.5893346628834957,
    "krl": 0.0,
    "tj": 0.15486247776702172,
    "royal": -0.4966808476729555,
    "mrt": -0.021708009568029873
  },
  "vot_rp_hr": {
    "car": 106200.30746862626,
    "moto": 181985.46507324,
    "krl": 199108.65698641978,
    "tj": 82388.26899601916,
    "royal": 102264.47945359838,
    "mrt": 217798.8866826401
  },
  "ilahi_vot_rp_hr": {
    "car": 25200,
    "moto": 98840,
    "krl": 114930,
    "tj": 45220,
    "royal": 55000,
    "mrt": 126000
  },
  "se_beta_time": {
    "car": 0.28328777104795194,
    "moto": 0.06369004395760042,
    "krl": 0.04524464755833347,
    "tj": 0.019581353007424127,
    "royal": 0.05576440694031518,
    "mrt": 1.7277189877571884
  },
  "se_asc": {
    "car": 3.9210687355438956,
    "moto": 0.2894408381915955,
    "tj": 0.42552708436030723,
    "royal": 2.282987600631038,
    "mrt": 26.451299979094163,
    "krl": 0.0
  },
  "se_beta_cost": 0.18822675267999348,
  "goodness_of_fit": {
    "ll_null": -7011.561589440369,
    "ll_final": -5048.825516196519,
    "rho2": 0.27992852208554964,
    "rho2_adj": 0.27821706311212036,
    "aic": 10121.651032393038,
    "bic": 10199.857350690032,
    "n_obs": 5000,
    "n_params": 12
  },
  "recovery": {
    "n_recovered": 12,
    "n_total": 12,
    "all_within_2se": true
  }
}