{
  "gumbel_scale": 25.0,
  "mu_cost_hat": -0.03712009041538318,
  "sigma_cost_hat": 0.009983189434298424,
  "mu_cost_se": 0.18288665325010983,
  "sigma_cost_se": 0.033127749007056013,
  "beta_time": {
    "car": -0.09602594244616762,
    "moto": -0.13315045462764472,
    "krl": -0.14450214459449826,
    "tj": -0.059342860077769566,
    "royal": -0.07707029617610742,
    "mrt": -0.1589133800932627
  },
  "asc": {
    "car": -0.2991961445589736,
    "moto": 0.6021909778594741,
    "krl": 0.0,
    "tj": 0.1476831939221779,
    "royal": -0.4848634218882928,
    "mrt": -0.02239136706424421
  },
  "se_beta_time": {
    "car": 0.3129305723592089,
    "moto": 0.05275123477572144,
    "krl": 0.0381938614398751,
    "tj": 0.019432370906226785,
    "royal": 0.05447624904551498,
    "mrt": 4.9670637893192096
  },
  "se_asc": {
    "car": 3.2216608075121593,
    "moto": 0.2930534913884031,
    "tj": 0.40879184373414784,
    "royal": 1.861862164925578,
    "mrt": 74.49741714490253
  },
  "goodness_of_fit": {
    "ll_null": -7011.561589440369,
    "ll_mnl": -5048.825516196519,
    "ll_nl": -5044.539667040082,
    "ll_mxl": -5048.793188322497,
    "aic_mnl": 10121.651032393038,
    "aic_nl": 10115.079334080165,
    "aic_mxl": 10123.586376644995,
    "bic_mnl": 10199.857350690032,
    "bic_nl": 10199.802845568576,
    "bic_mxl": 10208.309888133406,
    "lr_nl_vs_mnl": 8.571698312873195,
    "p_nl": 0.0034142853110922747,
    "lr_mxl_vs_mnl": 0.0646557480431511,
    "p_mxl": 0.7992831542161567,
    "n_obs": 5000,
    "n_params": 13
  },
  "wald": {
    "stat": 0.09081441088461971,
    "pval": 0.76314434283039,
    "reject_h0": false
  },
  "mixed_dgp_recovery": {
    "sigma_true": 0.02,
    "sigma_hat": 0.832292061999786,
    "sigma_se": 0.0,
    "within_2se": false,
    "wald_stat": 999.0,
    "wald_pval": 0.0
  },
  "welfare_preview": {
    "cs_mxl_mean": -127.68167992653463,
    "cs_mxl_p10": -282.9355459273967,
    "cs_mxl_p90": -16.695782655592946
  },
  "r_draws": 100
}