{
  "gumbel_scale": 25.0,
  "lambda_hat": 0.7632773608053806,
  "lambda_se": 0.0683280581298274,
  "lambda_ci95": [
    0.6266212445457258,
    0.8999334770650353
  ],
  "beta_time": {
    "car": 0.0,
    "moto": -0.09619633452599706,
    "krl": -0.11765947468568122,
    "tj": -0.04824578630704734,
    "royal": -0.04814259624455755,
    "mrt": -0.12653297399346064
  },
  "beta_cost": -0.07730185424797524,
  "asc": {
    "car": 0.3234920157470256,
    "moto": 0.0140242888409832,
    "krl": 0.0,
    "tj": 0.013887131875856249,
    "royal": -0.10606391720466972,
    "mrt": -0.020070523594209477
  },
  "se_beta_time": {
    "car": 0.144408560350708,
    "moto": 0.0359466238323383,
    "krl": 0.03100764175825665,
    "tj": 0.016003968173499326,
    "royal": 0.029258963982930996,
    "mrt": 0.0
  },
  "se_beta_cost": 0.09714607614144216,
  "se_asc": {
    "car": 2.024210140769757,
    "moto": 0.24504121596904208,
    "tj": 0.2430669150915496,
    "royal": 1.2313608424805076,
    "mrt": 0.0
  },
  "vot_rp_hr": {
    "car": -0.0,
    "moto": 74665.4802489554,
    "krl": 91324.69783318017,
    "tj": 37447.318781472335,
    "royal": 37367.22492331563,
    "mrt": 98212.11293655992
  },
  "goodness_of_fit": {
    "ll_null": -7011.561589440369,
    "ll_mnl": -5048.825516196519,
    "ll_nl": -5044.539667040082,
    "delta_ll": 4.285849156436598,
    "lr_stat": 8.571698312873195,
    "lr_pval": 0.0034142853110922747,
    "aic_mnl": 10121.651032393038,
    "aic_nl": 10115.079334080165,
    "bic_mnl": 10199.857350690032,
    "bic_nl": 10199.802845568576,
    "rho2_mnl": 0.27992852208554964,
    "rho2_nl": 0.2805397766686787,
    "n_obs": 5000,
    "n_params": 13
  },
  "recovery": {
    "n_recovered": 13,
    "n_total": 13,
    "all_within_2se": true
  },
  "welfare_preview": {
    "cs_baseline_mean_th_idr": -53.65282675776919,
    "cs_baseline_p10": -115.30351334727594,
    "cs_baseline_p90": -9.476040900782777,
    "dcs_free_tj_mean": 1.2827908562627366
  },
  "nests": {
    "transit": [
      "krl",
      "mrt",
      "tj",
      "royal"
    ],
    "private": [
      "car",
      "moto"
    ]
  }
}